CREATE DATABASE  IF NOT EXISTS `sy` /*!40100 DEFAULT CHARACTER SET latin1 */;
USE `sy`;
-- MySQL dump 10.13  Distrib 5.6.17, for Win32 (x86)
--
-- Host: 192.168.1.250    Database: sy
-- ------------------------------------------------------
-- Server version	5.5.38-0ubuntu0.14.04.1

/*!40101 SET @OLD_CHARACTER_SET_CLIENT=@@CHARACTER_SET_CLIENT */;
/*!40101 SET @OLD_CHARACTER_SET_RESULTS=@@CHARACTER_SET_RESULTS */;
/*!40101 SET @OLD_COLLATION_CONNECTION=@@COLLATION_CONNECTION */;
/*!40101 SET NAMES utf8 */;
/*!40103 SET @OLD_TIME_ZONE=@@TIME_ZONE */;
/*!40103 SET TIME_ZONE='+00:00' */;
/*!40014 SET @OLD_UNIQUE_CHECKS=@@UNIQUE_CHECKS, UNIQUE_CHECKS=0 */;
/*!40014 SET @OLD_FOREIGN_KEY_CHECKS=@@FOREIGN_KEY_CHECKS, FOREIGN_KEY_CHECKS=0 */;
/*!40101 SET @OLD_SQL_MODE=@@SQL_MODE, SQL_MODE='NO_AUTO_VALUE_ON_ZERO' */;
/*!40111 SET @OLD_SQL_NOTES=@@SQL_NOTES, SQL_NOTES=0 */;

--
-- Table structure for table `sy_access`
--

DROP TABLE IF EXISTS `sy_access`;
/*!40101 SET @saved_cs_client     = @@character_set_client */;
/*!40101 SET character_set_client = utf8 */;
CREATE TABLE `sy_access` (
  `role_id` smallint(6) unsigned NOT NULL,
  `node_id` smallint(6) unsigned NOT NULL,
  `pid` smallint(6) unsigned NOT NULL,
  `level` tinyint(1) NOT NULL,
  KEY `groupId` (`role_id`),
  KEY `nodeId` (`node_id`)
) ENGINE=MyISAM DEFAULT CHARSET=utf8 COMMENT='访问权限控制的表格。';
/*!40101 SET character_set_client = @saved_cs_client */;

--
-- Dumping data for table `sy_access`
--

LOCK TABLES `sy_access` WRITE;
/*!40000 ALTER TABLE `sy_access` DISABLE KEYS */;
INSERT INTO `sy_access` VALUES (1,1002,0,3),(1,1000,0,2),(1,1029,0,3),(1,1028,0,3),(1,1027,0,3),(8,1014,0,3),(8,1013,0,2),(7,1014,0,3),(7,1013,0,2),(6,1014,0,3),(6,1013,0,2),(5,1014,0,3),(5,1013,0,2),(8,1002,0,3),(1,1026,0,3),(1,1025,0,3),(1,1024,0,3),(1,1023,0,3),(8,1001,0,1),(8,1000,0,2),(1,1022,0,3),(1,1021,0,2),(1,1020,0,3),(1,1019,0,2),(1,1018,0,3),(1,1017,0,3),(1,1016,0,3),(1,1015,0,2),(1,1014,0,3),(1,1013,0,2),(1,1012,0,3),(1,1011,0,3),(2,1002,0,3),(2,1014,0,3),(2,1013,0,2),(1,1010,0,3),(1,1009,0,2),(1,1001,0,1),(2,1000,0,2),(2,1016,0,3),(2,1017,0,3),(2,1018,0,3),(2,1015,0,2),(2,1001,0,1),(3,1014,0,3),(3,1013,0,2),(3,1001,0,1);
/*!40000 ALTER TABLE `sy_access` ENABLE KEYS */;
UNLOCK TABLES;

--
-- Table structure for table `sy_book`
--

DROP TABLE IF EXISTS `sy_book`;
/*!40101 SET @saved_cs_client     = @@character_set_client */;
/*!40101 SET character_set_client = utf8 */;
CREATE TABLE `sy_book` (
  `id` int(11) unsigned NOT NULL AUTO_INCREMENT COMMENT '图书编号',
  `bar_code` varchar(45) NOT NULL COMMENT '条形码',
  `name` varchar(45) NOT NULL COMMENT '图书名称',
  `author` varchar(45) NOT NULL COMMENT '作者',
  `translator` varchar(45) DEFAULT NULL COMMENT '译者',
  `publish` varchar(45) NOT NULL COMMENT '出版社',
  `publish_time` int(11) NOT NULL COMMENT '出版时间',
  `description` text COMMENT '简介',
  `entry_time` int(11) NOT NULL COMMENT '入库时间',
  `entry_no` int(11) NOT NULL COMMENT '入库流水号',
  `operator_id` int(11) unsigned NOT NULL COMMENT '操作员',
  `library_id` int(11) unsigned NOT NULL COMMENT '图书馆id',
  `status` varchar(45) NOT NULL DEFAULT '0' COMMENT '图书状态，0表示没有借出，1表示已经借出',
  `valid` tinyint(1) NOT NULL DEFAULT '0' COMMENT '是否注销，0表示没有注销，1表示已经注销',
  `contributor_id` int(11) unsigned NOT NULL COMMENT '捐赠者',
  `catagory` varchar(45) NOT NULL COMMENT '图书类别',
  `establish_time` int(11) NOT NULL,
  `img_url` varchar(45) DEFAULT NULL COMMENT '图书封面图片',
  `limg_url` varchar(45) DEFAULT NULL COMMENT '图书大图',
  PRIMARY KEY (`id`),
  UNIQUE KEY `id_UNIQUE` (`id`)
) ENGINE=MyISAM AUTO_INCREMENT=121 DEFAULT CHARSET=utf8 COMMENT='图书类型表';
/*!40101 SET character_set_client = @saved_cs_client */;

--
-- Dumping data for table `sy_book`
--

LOCK TABLES `sy_book` WRITE;
/*!40000 ALTER TABLE `sy_book` DISABLE KEYS */;
INSERT INTO `sy_book` VALUES (86,'9787111440512','iOS 7','刘一道','陆旭东','机械工业出版社',1383235200,'本书由资深Mac/iOS开发工程师基于iOS 7撰写。内容全面，从Objective-C语法知识、iOS功能特性，到高级开发方法和技巧，几乎涵盖了中初级iOS开发工程师需要掌握的所有技术和知识；实战性强，每个知识点都有辅助理解的小案例，最后还提供了两个综合性应用开发案例。内容循序渐进，是系统学习iOS应用开发的经典著作。\r\n全书共20章，分4部分。准备篇（第1～2章）介绍了iOS、Objective-C和Xcode的入门知识，详细描述了iOS 7新特性、Objective-C应用开发环境的搭建，以及iPhone应用开发的完整过程；语法篇（第3～8章）详细讲解Objective-C的语法知识，其中包括类、对象、消息和协议，以及内存管理，重点讲解了Foundation框架常用类的使用方法；基础篇（第9～18章）讲解了iOS应用开发的框架，包含多状态和多任务、视图和视图控制器、事件和通知、音频和视频等，这些内容是本书的重点；实战篇（第19～20章）详细讲解了两个实战案例的完整开发过程，分别是基于iPad的应用程序“精灵小书柜”和基于iPhone的“弹球游戏”，目标是通过两个案例把前面学到知识应用到实践中，帮助读者真正掌握iOS应用开发的过程。',0,0,0,6,'ON_SHELF',0,72,'',1407328091,'http://img5.douban.com/mpic/s27252646.jpg','http://img5.douban.com/lpic/s27252646.jpg'),(85,'9787115240019','iPhone开发秘籍 （第2版）','[美] Erica Sadun','张彩霞,高颖,易磊 等','人民邮电出版社',1288454400,'本书提供了关于iPhone SDK 以及iPhone 开发的全面信息，对iPhone SDK 中的各种组件做了深入浅出的介绍，包括iPhone 3.0 SDK 的所有新增特性，同时对iPhone 开发的基本流程、基本原理和基本原则进行了详细且通俗的讲解。此外，还结合实例讲解了如何开发各种iPhone 特性，包括视图、视图控制器、警告、表格、媒体、控件、人物、位置和事件。\r\n本书适合iPhone 和Mac 开发人员。',0,0,0,6,'ON_SHELF',0,72,'',1407327182,'http://img5.douban.com/mpic/s4518529.jpg','http://img5.douban.com/lpic/s4518529.jpg'),(82,'9787115240019','iPhone开发秘籍 （第2版）','[美] Erica Sadun','张彩霞,高颖,易磊 等','人民邮电出版社',1288454400,'本书提供了关于iPhone SDK 以及iPhone 开发的全面信息，对iPhone SDK 中的各种组件做了深入浅出的介绍，包括iPhone 3.0 SDK 的所有新增特性，同时对iPhone 开发的基本流程、基本原理和基本原则进行了详细且通俗的讲解。此外，还结合实例讲解了如何开发各种iPhone 特性，包括视图、视图控制器、警告、表格、媒体、控件、人物、位置和事件。\r\n本书适合iPhone 和Mac 开发人员。',0,0,0,6,'ON_SHELF',0,72,'',1407315542,'http://img5.douban.com/mpic/s4518529.jpg','http://img5.douban.com/lpic/s4518529.jpg'),(83,'9787302254546','JSP Web开发学习实录','','','',1309363200,'JSP(Java Server Pages)是基于Java Servlet以及整个Java体系的Web开发技术。JSP技术可以让Web后台开发人员和前台设计人员快速地开发出容易维护的动态网站。《JSP Web开发学习实录》将全面介绍JSP的基础知识以及应用技术。主要内容包括：搭建JSP开发平台、实用JSP开发技巧、处理XML和数据库、EL表达式、JSTL标签库，以及与三大框架(Struts 2、Hibernate和Spring)整合的相关知识。最后给出了两个实例：新闻发布系统实例和人事信息管理系统。\r\n《JSP Web开发学习实录》是一本Web 2.0网页开发技术大全，面向Web编程人员，特别适合有编程基础，希望全面学习Web 2.0技术、提高实际应用能力的读者群体。',0,0,0,8,'ON_SHELF',0,72,'',1407315556,'http://img3.douban.com/mpic/s6850642.jpg','http://img3.douban.com/lpic/s6850642.jpg'),(84,'9787111440512','iOS 7','刘一道','陆旭东','机械工业出版社',1383235200,'本书由资深Mac/iOS开发工程师基于iOS 7撰写。内容全面，从Objective-C语法知识、iOS功能特性，到高级开发方法和技巧，几乎涵盖了中初级iOS开发工程师需要掌握的所有技术和知识；实战性强，每个知识点都有辅助理解的小案例，最后还提供了两个综合性应用开发案例。内容循序渐进，是系统学习iOS应用开发的经典著作。\r\n全书共20章，分4部分。准备篇（第1～2章）介绍了iOS、Objective-C和Xcode的入门知识，详细描述了iOS 7新特性、Objective-C应用开发环境的搭建，以及iPhone应用开发的完整过程；语法篇（第3～8章）详细讲解Objective-C的语法知识，其中包括类、对象、消息和协议，以及内存管理，重点讲解了Foundation框架常用类的使用方法；基础篇（第9～18章）讲解了iOS应用开发的框架，包含多状态和多任务、视图和视图控制器、事件和通知、音频和视频等，这些内容是本书的重点；实战篇（第19～20章）详细讲解了两个实战案例的完整开发过程，分别是基于iPad的应用程序“精灵小书柜”和基于iPhone的“弹球游戏”，目标是通过两个案例把前面学到知识应用到实践中，帮助读者真正掌握iOS应用开发的过程。',0,0,0,7,'ON_SHELF',0,72,'',1407326631,'http://img5.douban.com/mpic/s27252646.jpg','http://img5.douban.com/lpic/s27252646.jpg'),(81,'9787111075752','设计模式','[美] Erich Gamma,Richard Helm,Ralph Johnson,Jo','李英军,马晓星,蔡敏,刘建中 等','机械工业出版社',967651200,'这本书结合设计实作例从面向对象的设计中精选出23个设计模式，总结了面向对象设计中最有价值的经验，并且用简洁可复用的形式表达出来。书中分类描述了一组设计良好、表达清楚的软件设计模式，这些模式在实用环境下特别有用。此书适合大学计算机专业的学生、研究生及相关人员参考。\r\n书中涉及的设计模式并不描述新的或未经证实的设计，只收录了那些在不同系统中多次使用过的成功设计。',0,0,0,8,'ON_SHELF',0,69,'',1407307069,'http://img3.douban.com/mpic/s1074361.jpg','http://img3.douban.com/lpic/s1074361.jpg'),(87,'9787302254546','JSP Web开发学习实录','陆旭东等','陆旭东','陆旭东工作室',1309363200,'JSP(Java Server Pages)是基于Java Servlet以及整个Java体系的Web开发技术。JSP技术可以让Web后台开发人员和前台设计人员快速地开发出容易维护的动态网站。《JSP Web开发学习实录》将全面介绍JSP的基础知识以及应用技术。主要内容包括：搭建JSP开发平台、实用JSP开发技巧、处理XML和数据库、EL表达式、JSTL标签库，以及与三大框架(Struts 2、Hibernate和Spring)整合的相关知识。最后给出了两个实例：新闻发布系统实例和人事信息管理系统。\r\n《JSP Web开发学习实录》是一本Web 2.0网页开发技术大全，面向Web编程人员，特别适合有编程基础，希望全面学习Web 2.0技术、提高实际应用能力的读者群体。',0,0,0,7,'ON_ROAD',0,72,'',1407328216,'http://img3.douban.com/mpic/s6850642.jpg','http://img3.douban.com/lpic/s6850642.jpg'),(88,'9787111075752','设计模式','[美] Erich Gamma,Richard Helm,Ralph Johnson,Jo','李英军,马晓星,蔡敏,刘建中 等','机械工业出版社',967651200,'这本书结合设计实作例从面向对象的设计中精选出23个设计模式，总结了面向对象设计中最有价值的经验，并且用简洁可复用的形式表达出来。书中分类描述了一组设计良好、表达清楚的软件设计模式，这些模式在实用环境下特别有用。此书适合大学计算机专业的学生、研究生及相关人员参考。\r\n书中涉及的设计模式并不描述新的或未经证实的设计，只收录了那些在不同系统中多次使用过的成功设计。',0,0,0,6,'ON_ROAD',0,72,'',1407328216,'http://img3.douban.com/mpic/s1074361.jpg','http://img3.douban.com/lpic/s1074361.jpg'),(89,'7111179013','JAVA2核心技术，卷II','[美]CayS.Horstma','陈昊鹏','机械工业出版社',1141056000,'《Java2核心技术卷2:高级特性》是Java 2技术权威指南，全面覆盖Java 2技术的高级主题，包括：多线程、集合框架、网络API、数据库编程、分布式对象等，深入探究了Swing、Java 2D API、Javaean、Java安全模式、XML、注释、元数据等主题，同量涉及本地方法、国际化以及JDK 5.0的内容。',0,0,0,8,'ON_ROAD',0,34,'',1407330345,'http://img5.douban.com/mpic/s1869399.jpg','http://img5.douban.com/lpic/s1869399.jpg'),(90,'7111179013','JAVA2核心技术，卷II','[美]CayS.Horstma','陈昊鹏','机械工业出版社',1141056000,'《Java2核心技术卷2:高级特性》是Java 2技术权威指南，全面覆盖Java 2技术的高级主题，包括：多线程、集合框架、网络API、数据库编程、分布式对象等，深入探究了Swing、Java 2D API、Javaean、Java安全模式、XML、注释、元数据等主题，同量涉及本地方法、国际化以及JDK 5.0的内容。',0,0,0,8,'ON_ROAD',0,34,'',1407330345,'http://img5.douban.com/mpic/s1869399.jpg','http://img5.douban.com/lpic/s1869399.jpg'),(91,'7111179013','JAVA2核心技术，卷II','[美]CayS.Horstma','陈昊鹏','机械工业',1141056000,'《Java2核心技术卷2:高级特性》是Java 2技术权威指南，全面覆盖Java 2技术的高级主题，包括：多线程、集合框架、网络API、数据库编程、分布式对象等，深入探究了Swing、Java 2D API、Javaean、Java安全模式、XML、注释、元数据等主题，同量涉及本地方法、国际化以及JDK 5.0的内容。',0,0,0,8,'ON_ROAD',0,34,'',1407330345,'http://img5.douban.com/mpic/s1869399.jpg','http://img5.douban.com/lpic/s1869399.jpg'),(92,'7111179013','JAVA2核心技术，卷II','[美]CayS.Horstma','陈昊鹏','机械工业',1141056000,'《Java2核心技术卷2:高级特性》是Java 2技术权威指南，全面覆盖Java 2技术的高级主题，包括：多线程、集合框架、网络API、数据库编程、分布式对象等，深入探究了Swing、Java 2D API、Javaean、Java安全模式、XML、注释、元数据等主题，同量涉及本地方法、国际化以及JDK 5.0的内容。',0,0,0,7,'ON_ROAD',0,34,'',1407330345,'http://img5.douban.com/mpic/s1869399.jpg','http://img5.douban.com/lpic/s1869399.jpg'),(93,'9787111075752','设计模式','[美] Erich Gamma,Richard Helm,Ralph Johnson,Jo','李英军,马晓星,蔡敏,刘建中 等','机械工业出版社',967651200,'这本书结合设计实作例从面向对象的设计中精选出23个设计模式，总结了面向对象设计中最有价值的经验，并且用简洁可复用的形式表达出来。书中分类描述了一组设计良好、表达清楚的软件设计模式，这些模式在实用环境下特别有用。此书适合大学计算机专业的学生、研究生及相关人员参考。\r\n书中涉及的设计模式并不描述新的或未经证实的设计，只收录了那些在不同系统中多次使用过的成功设计。',0,0,0,6,'ON_SHELF',0,72,'',1407390282,'http://img3.douban.com/mpic/s1074361.jpg','http://img3.douban.com/lpic/s1074361.jpg'),(94,'9787115240019','iPhone开发秘籍 （第2版）','[美] Erica Sadun','张彩霞,高颖,易磊 等','人民邮电出版社',1288454400,'本书提供了关于iPhone SDK 以及iPhone 开发的全面信息，对iPhone SDK 中的各种组件做了深入浅出的介绍，包括iPhone 3.0 SDK 的所有新增特性，同时对iPhone 开发的基本流程、基本原理和基本原则进行了详细且通俗的讲解。此外，还结合实例讲解了如何开发各种iPhone 特性，包括视图、视图控制器、警告、表格、媒体、控件、人物、位置和事件。\r\n本书适合iPhone 和Mac 开发人员。',0,0,0,6,'ON_SHELF',0,72,'',1407390282,'http://img5.douban.com/mpic/s4518529.jpg','http://img5.douban.com/lpic/s4518529.jpg'),(95,'9787111235620','零基础学PHP','马忠超','','',1204214400,'《零基础学PHP》主要内容：PHP是一种运行于服务器端并完全跨平台的嵌入式脚本编程语言，是目前开发各类Web应用的主流语言之一。PHP因其功能强大、易学易用、可扩展性强、运行速度快和良好的开放性，而成为网站开发者的首选工具，其较高的开发效率，也给开发人员在编写Web应用程序时带来极大的便利。',0,0,0,6,'ON_SHELF',0,73,'',1407492852,'http://img3.douban.com/mpic/s9007360.jpg','http://img3.douban.com/lpic/s9007360.jpg'),(96,'9787121140174','大话企业级Android应用开发实战','王家林','','电子工业出版社',1312041600,'王家林所著的《大话企业级Android应用开发实战》是一本能够让你学出幸福感并在还没有学完时就能够胜任Android应用软件工程师工作的书。\r\n    《大话企业级Android应用开发实战》所有的内容都是基于企业内部的Android实际开发需要和问题而著。\r\n    本书模拟真实的学习场景，主人公是小安和大致，小安是一位有编程基础并想从事Android软件工程师工作的求知者，大致是一位博士、Android开发高手和不知疲倦的布道者，全书以小安在大致的带领下从Android入门到成为Android应用程序编程高手的过程中生动地展开叙述，妙趣横生，让人欲罢不能。\r\n    本书适合从事Android软件开发的工程师和热爱Android软件开发的人们。',0,0,0,8,'ON_SHELF',0,74,'',1407505278,'http://img5.douban.com/mpic/s6890669.jpg','http://img5.douban.com/lpic/s6890669.jpg'),(97,'9787302261834','HTML5+CSS3网页布局和样式精粹','张亚飞','','清华大学出版社',1314720000,'《HTML5+CSS3网页布局和样式精粹》涵盖了W3CHTML5规范和CSS3规范的所有内容，并根据功能进行分类。《HTML5+CSS3网页布局和样式精粹》包含了大量习题可用于检测学习成果，巩固所学知识。《HTML5+CSS3网页布局和样式精粹》适用于网页开发人员和设计人员，可以作为大中专教材。《HTML5+CSS3网页布局和样式精粹》的作者是万维网开发的大师，他也是《万维网应用程序开发纲要》的起草者。可以帮助用户完整系统、快速有效地掌握HTML5和CSS3的知识。\r\n对于初入门的网页设计者和开发者而言，学习网页设计和开发就应该从HTML5和CSS3开始，这是毋庸置疑的。对于有经验的工程师来说，如果想完整掌握HTML5和CSS3新技术，那么《HTML5+CSS3网页布局和样式精粹》是最合适小过的。\r\n《HTML5+CSS3网页布局和样式精粹》包含HTML5和CSS3两部分，除了完整包含HTML5所有元素以及两种语法格式的详细介绍外，还包含CSS3所有语法和样式属性的详细介绍。\r\n这些功能介绍都是按照W3C的标准要求进行的，并附有详细的范例，侧重于实战，并提供各种浏览器兼容性指南，以帮助用户深入理解。《HTML5+CSS3网页布局和样式精粹》修复了当前普遍存在的错误认识，对用户来说是一个福音。\r\n《HTML5+CSS3网页布局和样式精粹》适用于网页开发人员和设计人员，可作为大中专院校的教材。',0,0,0,7,'ON_SHELF',0,74,'',1407653932,'http://img5.douban.com/mpic/s7008916.jpg','http://img5.douban.com/lpic/s7008916.jpg'),(98,'9787111235620','零基础学PHP','马忠超','','机械工业出版社',1204214400,'《零基础学PHP》主要内容：PHP是一种运行于服务器端并完全跨平台的嵌入式脚本编程语言，是目前开发各类Web应用的主流语言之一。PHP因其功能强大、易学易用、可扩展性强、运行速度快和良好的开放性，而成为网站开发者的首选工具，其较高的开发效率，也给开发人员在编写Web应用程序时带来极大的便利。',0,0,0,7,'ON_SHELF',0,74,'',1407654254,'http://img3.douban.com/mpic/s9007360.jpg','http://img3.douban.com/lpic/s9007360.jpg'),(99,'9787302261834','HTML5+CSS3网页布局和样式精粹','张亚飞','','清华大学出版社',1314720000,'《HTML5+CSS3网页布局和样式精粹》涵盖了W3CHTML5规范和CSS3规范的所有内容，并根据功能进行分类。《HTML5+CSS3网页布局和样式精粹》包含了大量习题可用于检测学习成果，巩固所学知识。《HTML5+CSS3网页布局和样式精粹》适用于网页开发人员和设计人员，可以作为大中专教材。《HTML5+CSS3网页布局和样式精粹》的作者是万维网开发的大师，他也是《万维网应用程序开发纲要》的起草者。可以帮助用户完整系统、快速有效地掌握HTML5和CSS3的知识。\r\n对于初入门的网页设计者和开发者而言，学习网页设计和开发就应该从HTML5和CSS3开始，这是毋庸置疑的。对于有经验的工程师来说，如果想完整掌握HTML5和CSS3新技术，那么《HTML5+CSS3网页布局和样式精粹》是最合适小过的。\r\n《HTML5+CSS3网页布局和样式精粹》包含HTML5和CSS3两部分，除了完整包含HTML5所有元素以及两种语法格式的详细介绍外，还包含CSS3所有语法和样式属性的详细介绍。\r\n这些功能介绍都是按照W3C的标准要求进行的，并附有详细的范例，侧重于实战，并提供各种浏览器兼容性指南，以帮助用户深入理解。《HTML5+CSS3网页布局和样式精粹》修复了当前普遍存在的错误认识，对用户来说是一个福音。\r\n《HTML5+CSS3网页布局和样式精粹》适用于网页开发人员和设计人员，可作为大中专院校的教材。',0,0,0,6,'ON_SHELF',0,70,'',1407665230,'http://img5.douban.com/mpic/s7008916.jpg','http://img5.douban.com/lpic/s7008916.jpg'),(100,'9787111235620','零基础学PHP','马忠超','','',1204214400,'《零基础学PHP》主要内容：PHP是一种运行于服务器端并完全跨平台的嵌入式脚本编程语言，是目前开发各类Web应用的主流语言之一。PHP因其功能强大、易学易用、可扩展性强、运行速度快和良好的开放性，而成为网站开发者的首选工具，其较高的开发效率，也给开发人员在编写Web应用程序时带来极大的便利。',0,0,0,8,'ON_ROAD',0,70,'',1408352206,'http://img3.douban.com/mpic/s9007360.jpg','http://img3.douban.com/lpic/s9007360.jpg'),(101,'9787111235620','零基础学PHP','马忠超','','',1204214400,'《零基础学PHP》主要内容：PHP是一种运行于服务器端并完全跨平台的嵌入式脚本编程语言，是目前开发各类Web应用的主流语言之一。PHP因其功能强大、易学易用、可扩展性强、运行速度快和良好的开放性，而成为网站开发者的首选工具，其较高的开发效率，也给开发人员在编写Web应用程序时带来极大的便利。',0,0,0,7,'ON_ROAD',0,74,'',1408588212,'http://img3.douban.com/mpic/s9007360.jpg','http://img3.douban.com/lpic/s9007360.jpg'),(102,'9787111435938','jQuery权威指南(第2版)','陶国荣','','机械工业出版社',1379779200,'本书第1版3年来一直畅销不衰，是jQuery领域的标杆之作。4大网上书店的读者评论超过2100条，其中98%以上是五星级的好评，被读者誉为“系统学习jQuery技术的最佳指导参考书之一”！第2版在第1版的基础上做了大量的修订：技术更新，根据jQuery最新版本对全书进行了修订和补充，如增加了与HTML 5和jQuery Mobile相结合的内容；知识点更全面，不仅增加了新版本中的各项功能，而且补充了第1版中被忽略的一些特性；内容更加深入，增加了大量开发技巧和最佳实践；实战性更强，增加了大量案例，全书案例多达近200个。\r\n全书共16章：第1章介绍了jQuery开发环境的搭建和代码风格；第2章和第3章分别介绍了jQuery的选择器和jQuery如何操作DOM；第4～12章系统讲解了jQuery中的事件与应用、jQuery的动画与特效、Ajax在jQuery中的应用、jQuery中调用JSON和XML数据、jQuery中的插件、jQuery UI插件、jQuery的实用工具函数、jQuery的常用开发技巧和性能优化；第13～14章详细讲解了jQuery在HTML 5中的应用和jQuery Mobile的基础知识；第15章和16章是用jQuery Mobile和jQuery开发的两个综合性案例。',0,0,0,6,'ON_SHELF',0,70,'',1408589227,'http://img3.douban.com/mpic/s27145374.jpg','http://img3.douban.com/lpic/s27145374.jpg'),(103,'9787302318965','PHP开发实战','软件开发技术联盟  编著','','清华大学出版社',0,'《PHP开发实战》从初学者的角度讲述使用PHP语言进行程序开发应该掌握的各项技术，内容突出“基础”、“全面”、“深入”的特点，同时强调实战效果。在介绍技术的同时，书中都会提供实例，同时在各章的结尾部分安排实战内容，通过5～8个实战来综合应用本章所讲解的知识，做到理论联系实际；每篇的最后一章有一个综合实例，通过一个模块综合讲解本篇所讲解的知识内容；在本书的最后两章中提供了两个完整的项目实例，讲述从前期规划、设计流程到项目最终实施的整个实现过程。\r\n全书共分33章，主要内容包括初识PHP、PHP环境搭建、PHP语言基础、流程控制语句、函数、字符串、正则表达式、PHP数组、日期和时间、综合实例（一）——注册登录、MySQL数据库基本操作、phpMyAdmin图形化管理工具、使用MySQL函数操作数据库、ADODB类库、PDO数据库抽象层、综合实例（二）——在线论坛、会话管理、图形图像、文件系统、面向对象、PHP加密技术、程序调试与异常处理、综合实例（三）——投票系统、PHP与Web页面交互、PHP与JavaScript交互、XML技术、Ajax技术、综合实例（四）——购物车、Smarty模板技术、ThinkPHP框架技术、综合实例（五）——明日导航网、博客管理系统、应用Smarty模板开发电子商务平台等，最后在附录中介绍了PHP的编码规则。所有知识都结合具体实例进行介绍，对涉及的程序代码给出了详细的注释，读者可以轻松领会PHP程序开发的精髓，快速提高开发技能。本书特色及丰富的学习资源包如下：\r\n黄金学习搭配、专业学习视频、重难点精确打击、学习经验分享、学习测试诊断、有趣实践任务、专业资源库、学习排忧解难、获取源程序、提供习题答案、赠送开发案例。\r\n本书适合有志于从事软件开发的初学者、高等院校计算机相关专业的学生，也可作为软件开发人员的参考手册，或者高等院校的教学参考书。',0,0,0,7,'ON_SHELF',0,70,'',1408589316,'http://img3.douban.com/mpic/s27048795.jpg','http://img3.douban.com/lpic/s27048795.jpg'),(104,'9787111235620','零基础学PHP','马忠超','','',1204214400,'《零基础学PHP》主要内容：PHP是一种运行于服务器端并完全跨平台的嵌入式脚本编程语言，是目前开发各类Web应用的主流语言之一。PHP因其功能强大、易学易用、可扩展性强、运行速度快和良好的开放性，而成为网站开发者的首选工具，其较高的开发效率，也给开发人员在编写Web应用程序时带来极大的便利。',0,0,0,7,'ON_ROAD',0,74,'',1408590134,'http://img3.douban.com/mpic/s9007360.jpg','http://img3.douban.com/lpic/s9007360.jpg'),(105,'9787121140174','大话企业级Android应用开发实战','王家林','','电子工业出版社',1312041600,'王家林所著的《大话企业级Android应用开发实战》是一本能够让你学出幸福感并在还没有学完时就能够胜任Android应用软件工程师工作的书。\r\n    《大话企业级Android应用开发实战》所有的内容都是基于企业内部的Android实际开发需要和问题而著。\r\n    本书模拟真实的学习场景，主人公是小安和大致，小安是一位有编程基础并想从事Android软件工程师工作的求知者，大致是一位博士、Android开发高手和不知疲倦的布道者，全书以小安在大致的带领下从Android入门到成为Android应用程序编程高手的过程中生动地展开叙述，妙趣横生，让人欲罢不能。\r\n    本书适合从事Android软件开发的工程师和热爱Android软件开发的人们。',0,0,0,8,'ON_ROAD',0,74,'',1408590134,'http://img5.douban.com/mpic/s6890669.jpg','http://img5.douban.com/lpic/s6890669.jpg'),(106,'9787302318965','PHP开发实战','软件开发技术联盟  编著','','清华大学出版社',0,'《PHP开发实战》从初学者的角度讲述使用PHP语言进行程序开发应该掌握的各项技术，内容突出“基础”、“全面”、“深入”的特点，同时强调实战效果。在介绍技术的同时，书中都会提供实例，同时在各章的结尾部分安排实战内容，通过5～8个实战来综合应用本章所讲解的知识，做到理论联系实际；每篇的最后一章有一个综合实例，通过一个模块综合讲解本篇所讲解的知识内容；在本书的最后两章中提供了两个完整的项目实例，讲述从前期规划、设计流程到项目最终实施的整个实现过程。\r\n全书共分33章，主要内容包括初识PHP、PHP环境搭建、PHP语言基础、流程控制语句、函数、字符串、正则表达式、PHP数组、日期和时间、综合实例（一）——注册登录、MySQL数据库基本操作、phpMyAdmin图形化管理工具、使用MySQL函数操作数据库、ADODB类库、PDO数据库抽象层、综合实例（二）——在线论坛、会话管理、图形图像、文件系统、面向对象、PHP加密技术、程序调试与异常处理、综合实例（三）——投票系统、PHP与Web页面交互、PHP与JavaScript交互、XML技术、Ajax技术、综合实例（四）——购物车、Smarty模板技术、ThinkPHP框架技术、综合实例（五）——明日导航网、博客管理系统、应用Smarty模板开发电子商务平台等，最后在附录中介绍了PHP的编码规则。所有知识都结合具体实例进行介绍，对涉及的程序代码给出了详细的注释，读者可以轻松领会PHP程序开发的精髓，快速提高开发技能。本书特色及丰富的学习资源包如下：\r\n黄金学习搭配、专业学习视频、重难点精确打击、学习经验分享、学习测试诊断、有趣实践任务、专业资源库、学习排忧解难、获取源程序、提供习题答案、赠送开发案例。\r\n本书适合有志于从事软件开发的初学者、高等院校计算机相关专业的学生，也可作为软件开发人员的参考手册，或者高等院校的教学参考书。',0,0,0,8,'ON_ROAD',0,70,'',1408777084,'http://img3.douban.com/mpic/s27048795.jpg','http://img3.douban.com/lpic/s27048795.jpg'),(107,'9787121155796','疯狂Java讲义精粹','李刚','','',1325260800,'《疯狂Java讲义精粹》是《疯狂Java讲义》的精粹版，《疯狂Java讲义精粹》同样保留了《疯狂Java讲义》的特性:《疯狂Java讲义精粹》基于Java 7完成，全面介绍了Java 7的新特性。《疯狂Java讲义精粹》删除了《疯狂Java讲义》中关于图形界面编程、数据库编程的内容，保留了Java的基本语法结构、Java的面向对象特征、Java集合框架体系、Java泛型、异常处理、Java注释、Java的IO流体系、Java多线程编程、Java网络通信编程和Java反射机制的内容。《疯狂Java讲义精粹》的这种调整一方面是为了对《疯狂Java讲义》进行精简，另一方面也是应广大高校老师的反馈:高校课程前期已经讲授过数据库相关内容，因此《疯狂Java讲义精粹》删除了相关内容。《疯狂Java讲义精粹》的写作是基于Java 7完成的，全面介绍了Java 7的二进制整数、菱形语法、增强switch语句、多异常捕获、自动关闭资源的try语句、JDBC 4.1新特性、NIO.2、AIO等新特性。《疯狂Java讲义精粹》光盘里包含书中所有示例的代码和《疯狂Java实战演义》的所有项目代码。但由于《疯狂Java讲义精粹》并未包含Java图形界面编程的相关知识，因此读者在阅读带图形界面的项目代码时可能有一定困难，此时读者可以参考《疯狂Java讲义》的相关内容，也可以登录站点与笔者及《疯狂Java讲义精粹》庞大的读者群相互交流。\r\n《疯狂Java讲义精粹》为所有打算深入掌握Java编程的读者而编写，适合各种层次的Java学习者和工作者阅读。《疯狂Java讲义精粹》专门针对高校课程进行过调整，尤其适合作为大学教育、培训机构的Java教材。《疯狂Java讲义精粹》不适合只想简单涉猎Java的读者阅读。',0,0,0,6,'ON_ROAD',0,70,'',1408777136,'http://img5.douban.com/mpic/s8865247.jpg','http://img5.douban.com/lpic/s8865247.jpg'),(108,'9787111075752','设计模式','[美] Erich Gamma,Richard Helm,Ralph Johnson,Jo','李英军,马晓星,蔡敏,刘建中 等','机械工业出版社',967651200,'这本书结合设计实作例从面向对象的设计中精选出23个设计模式，总结了面向对象设计中最有价值的经验，并且用简洁可复用的形式表达出来。书中分类描述了一组设计良好、表达清楚的软件设计模式，这些模式在实用环境下特别有用。此书适合大学计算机专业的学生、研究生及相关人员参考。\r\n书中涉及的设计模式并不描述新的或未经证实的设计，只收录了那些在不同系统中多次使用过的成功设计。',0,0,1,8,'ON_ROAD',0,1,'',1409027557,'http://img3.douban.com/mpic/s1074361.jpg','http://img3.douban.com/lpic/s1074361.jpg'),(109,'9787115240019','iPhone开发秘籍 （第2版）','[美] Erica Sadun','张彩霞,高颖,易磊 等','人民邮电出版社',1288454400,'本书提供了关于iPhone SDK 以及iPhone 开发的全面信息，对iPhone SDK 中的各种组件做了深入浅出的介绍，包括iPhone 3.0 SDK 的所有新增特性，同时对iPhone 开发的基本流程、基本原理和基本原则进行了详细且通俗的讲解。此外，还结合实例讲解了如何开发各种iPhone 特性，包括视图、视图控制器、警告、表格、媒体、控件、人物、位置和事件。\r\n本书适合iPhone 和Mac 开发人员。',0,0,1,6,'ON_ROAD',0,69,'',1409194969,'http://img5.douban.com/mpic/s4518529.jpg','http://img5.douban.com/lpic/s4518529.jpg'),(110,'9787111075752','设计模式','[美] Erich Gamma,Richard Helm,Ralph Johnson,Jo','李英军,马晓星,蔡敏,刘建中 等','机械工业出版社',967651200,'这本书结合设计实作例从面向对象的设计中精选出23个设计模式，总结了面向对象设计中最有价值的经验，并且用简洁可复用的形式表达出来。书中分类描述了一组设计良好、表达清楚的软件设计模式，这些模式在实用环境下特别有用。此书适合大学计算机专业的学生、研究生及相关人员参考。\r\n书中涉及的设计模式并不描述新的或未经证实的设计，只收录了那些在不同系统中多次使用过的成功设计。',0,0,1,7,'ON_ROAD',0,69,'',1409199905,'http://img3.douban.com/mpic/s1074361.jpg','http://img3.douban.com/lpic/s1074361.jpg'),(111,'9787302254546','JSP Web开发学习实录','','','',1309363200,'JSP(Java Server Pages)是基于Java Servlet以及整个Java体系的Web开发技术。JSP技术可以让Web后台开发人员和前台设计人员快速地开发出容易维护的动态网站。《JSP Web开发学习实录》将全面介绍JSP的基础知识以及应用技术。主要内容包括：搭建JSP开发平台、实用JSP开发技巧、处理XML和数据库、EL表达式、JSTL标签库，以及与三大框架(Struts 2、Hibernate和Spring)整合的相关知识。最后给出了两个实例：新闻发布系统实例和人事信息管理系统。\r\n《JSP Web开发学习实录》是一本Web 2.0网页开发技术大全，面向Web编程人员，特别适合有编程基础，希望全面学习Web 2.0技术、提高实际应用能力的读者群体。',0,0,0,7,'ON_ROAD',0,69,'',1409204288,'http://img3.douban.com/mpic/s6850642.jpg','http://img3.douban.com/lpic/s6850642.jpg'),(112,'9787115240019','iPhone开发秘籍 （第2版）','[美] Erica Sadun','张彩霞,高颖,易磊 等','人民邮电出版社',1288454400,'本书提供了关于iPhone SDK 以及iPhone 开发的全面信息，对iPhone SDK 中的各种组件做了深入浅出的介绍，包括iPhone 3.0 SDK 的所有新增特性，同时对iPhone 开发的基本流程、基本原理和基本原则进行了详细且通俗的讲解。此外，还结合实例讲解了如何开发各种iPhone 特性，包括视图、视图控制器、警告、表格、媒体、控件、人物、位置和事件。\r\n本书适合iPhone 和Mac 开发人员。',0,0,0,8,'ON_ROAD',0,69,'',1409204330,'http://img5.douban.com/mpic/s4518529.jpg','http://img5.douban.com/lpic/s4518529.jpg'),(113,'9787111075752','设计模式','[美] Erich Gamma,Richard Helm,Ralph Johnson,Jo','李英军,马晓星,蔡敏,刘建中 等','机械工业出版社',967651200,'这本书结合设计实作例从面向对象的设计中精选出23个设计模式，总结了面向对象设计中最有价值的经验，并且用简洁可复用的形式表达出来。书中分类描述了一组设计良好、表达清楚的软件设计模式，这些模式在实用环境下特别有用。此书适合大学计算机专业的学生、研究生及相关人员参考。\r\n书中涉及的设计模式并不描述新的或未经证实的设计，只收录了那些在不同系统中多次使用过的成功设计。',0,0,0,7,'ON_ROAD',0,69,'',1409204589,'http://img3.douban.com/mpic/s1074361.jpg','http://img3.douban.com/lpic/s1074361.jpg'),(114,'9787302254546','JSP Web开发学习实录','','','',1309363200,'JSP(Java Server Pages)是基于Java Servlet以及整个Java体系的Web开发技术。JSP技术可以让Web后台开发人员和前台设计人员快速地开发出容易维护的动态网站。《JSP Web开发学习实录》将全面介绍JSP的基础知识以及应用技术。主要内容包括：搭建JSP开发平台、实用JSP开发技巧、处理XML和数据库、EL表达式、JSTL标签库，以及与三大框架(Struts 2、Hibernate和Spring)整合的相关知识。最后给出了两个实例：新闻发布系统实例和人事信息管理系统。\r\n《JSP Web开发学习实录》是一本Web 2.0网页开发技术大全，面向Web编程人员，特别适合有编程基础，希望全面学习Web 2.0技术、提高实际应用能力的读者群体。',0,0,0,6,'ON_ROAD',0,69,'',1409204706,'http://img3.douban.com/mpic/s6850642.jpg','http://img3.douban.com/lpic/s6850642.jpg'),(115,'9787115240019','iPhone开发秘籍 （第2版）','[美] Erica Sadun','张彩霞,高颖,易磊 等','人民邮电出版社',1288454400,'本书提供了关于iPhone SDK 以及iPhone 开发的全面信息，对iPhone SDK 中的各种组件做了深入浅出的介绍，包括iPhone 3.0 SDK 的所有新增特性，同时对iPhone 开发的基本流程、基本原理和基本原则进行了详细且通俗的讲解。此外，还结合实例讲解了如何开发各种iPhone 特性，包括视图、视图控制器、警告、表格、媒体、控件、人物、位置和事件。\r\n本书适合iPhone 和Mac 开发人员。',0,0,0,8,'ON_ROAD',0,69,'',1409204902,'http://img5.douban.com/mpic/s4518529.jpg','http://img5.douban.com/lpic/s4518529.jpg'),(116,'9787115240019','iPhone开发秘籍 （第2版）','[美] Erica Sadun','张彩霞,高颖,易磊 等','人民邮电出版社',1288454400,'本书提供了关于iPhone SDK 以及iPhone 开发的全面信息，对iPhone SDK 中的各种组件做了深入浅出的介绍，包括iPhone 3.0 SDK 的所有新增特性，同时对iPhone 开发的基本流程、基本原理和基本原则进行了详细且通俗的讲解。此外，还结合实例讲解了如何开发各种iPhone 特性，包括视图、视图控制器、警告、表格、媒体、控件、人物、位置和事件。\r\n本书适合iPhone 和Mac 开发人员。',0,0,0,7,'ON_ROAD',0,69,'',1409204960,'http://img5.douban.com/mpic/s4518529.jpg','http://img5.douban.com/lpic/s4518529.jpg'),(117,'9787115240019','iPhone开发秘籍 （第2版）','[美] Erica Sadun','张彩霞,高颖,易磊 等','人民邮电出版社',1288454400,'本书提供了关于iPhone SDK 以及iPhone 开发的全面信息，对iPhone SDK 中的各种组件做了深入浅出的介绍，包括iPhone 3.0 SDK 的所有新增特性，同时对iPhone 开发的基本流程、基本原理和基本原则进行了详细且通俗的讲解。此外，还结合实例讲解了如何开发各种iPhone 特性，包括视图、视图控制器、警告、表格、媒体、控件、人物、位置和事件。\r\n本书适合iPhone 和Mac 开发人员。',0,0,0,7,'ON_ROAD',0,69,'',1409205155,'http://img5.douban.com/mpic/s4518529.jpg','http://img5.douban.com/lpic/s4518529.jpg'),(118,'9787115240019','iPhone开发秘籍 （第2版）','[美] Erica Sadun','张彩霞,高颖,易磊 等','人民邮电出版社',1288454400,'本书提供了关于iPhone SDK 以及iPhone 开发的全面信息，对iPhone SDK 中的各种组件做了深入浅出的介绍，包括iPhone 3.0 SDK 的所有新增特性，同时对iPhone 开发的基本流程、基本原理和基本原则进行了详细且通俗的讲解。此外，还结合实例讲解了如何开发各种iPhone 特性，包括视图、视图控制器、警告、表格、媒体、控件、人物、位置和事件。\r\n本书适合iPhone 和Mac 开发人员。',0,0,0,6,'ON_ROAD',0,69,'',1409205200,'http://img5.douban.com/mpic/s4518529.jpg','http://img5.douban.com/lpic/s4518529.jpg'),(119,'9787302254546','JSP Web开发学习实录','','','',1309363200,'JSP(Java Server Pages)是基于Java Servlet以及整个Java体系的Web开发技术。JSP技术可以让Web后台开发人员和前台设计人员快速地开发出容易维护的动态网站。《JSP Web开发学习实录》将全面介绍JSP的基础知识以及应用技术。主要内容包括：搭建JSP开发平台、实用JSP开发技巧、处理XML和数据库、EL表达式、JSTL标签库，以及与三大框架(Struts 2、Hibernate和Spring)整合的相关知识。最后给出了两个实例：新闻发布系统实例和人事信息管理系统。\r\n《JSP Web开发学习实录》是一本Web 2.0网页开发技术大全，面向Web编程人员，特别适合有编程基础，希望全面学习Web 2.0技术、提高实际应用能力的读者群体。',0,0,0,8,'ON_ROAD',0,69,'',1409206159,'http://img3.douban.com/mpic/s6850642.jpg','http://img3.douban.com/lpic/s6850642.jpg'),(120,'9787115240019','iPhone开发秘籍 （第2版）','[美] Erica Sadun','张彩霞,高颖,易磊 等','人民邮电出版社',1288454400,'本书提供了关于iPhone SDK 以及iPhone 开发的全面信息，对iPhone SDK 中的各种组件做了深入浅出的介绍，包括iPhone 3.0 SDK 的所有新增特性，同时对iPhone 开发的基本流程、基本原理和基本原则进行了详细且通俗的讲解。此外，还结合实例讲解了如何开发各种iPhone 特性，包括视图、视图控制器、警告、表格、媒体、控件、人物、位置和事件。\r\n本书适合iPhone 和Mac 开发人员。',0,0,0,6,'ON_ROAD',0,69,'',1409206194,'http://img5.douban.com/mpic/s4518529.jpg','http://img5.douban.com/lpic/s4518529.jpg');
/*!40000 ALTER TABLE `sy_book` ENABLE KEYS */;
UNLOCK TABLES;

--
-- Table structure for table `sy_comment`
--

DROP TABLE IF EXISTS `sy_comment`;
/*!40101 SET @saved_cs_client     = @@character_set_client */;
/*!40101 SET character_set_client = utf8 */;
CREATE TABLE `sy_comment` (
  `id` int(11) NOT NULL AUTO_INCREMENT,
  `pid` int(11) DEFAULT NULL COMMENT '评论主体的id,news的id',
  `uid` int(11) DEFAULT NULL COMMENT '用户id',
  `username` varchar(45) NOT NULL DEFAULT '',
  `nickname` varchar(45) NOT NULL DEFAULT '' COMMENT '别称。',
  `content` mediumtext COMMENT '评论内容',
  `replyid` int(11) NOT NULL DEFAULT '0' COMMENT '该条评论是否是某一条的回复。记录某条的id',
  `replyuid` int(11) NOT NULL DEFAULT '0' COMMENT '被回复者的id',
  `replyusername` varchar(45) NOT NULL DEFAULT '' COMMENT '被回复者的用户名',
  `authority` varchar(45) NOT NULL DEFAULT '' COMMENT '权限：全部可见，楼主可见，会员可见。',
  `agree` int(11) NOT NULL DEFAULT '0' COMMENT '点赞',
  `disagree` int(11) NOT NULL COMMENT '踩。',
  `modify_time` timestamp NOT NULL DEFAULT CURRENT_TIMESTAMP ON UPDATE CURRENT_TIMESTAMP,
  `create_time` int(11) NOT NULL DEFAULT '0',
  PRIMARY KEY (`id`)
) ENGINE=MyISAM AUTO_INCREMENT=41 DEFAULT CHARSET=utf8 COMMENT='评论表。';
/*!40101 SET character_set_client = @saved_cs_client */;

--
-- Dumping data for table `sy_comment`
--

LOCK TABLES `sy_comment` WRITE;
/*!40000 ALTER TABLE `sy_comment` DISABLE KEYS */;
INSERT INTO `sy_comment` VALUES (15,86,69,'lxd','','第一条评论',0,0,'','',0,0,'0000-00-00 00:00:00',0),(16,86,69,'lxd','','第二条',0,0,'','',0,0,'0000-00-00 00:00:00',0),(20,82,69,'lxd','','发撒旦发',0,0,'','',0,0,'0000-00-00 00:00:00',1409126357),(23,86,69,'lxd','','回复 lxd : 第二次对第一条评论的回复',15,69,'lxd','',0,0,'2014-08-27 09:49:03',1409132995),(22,86,69,'lxd','','回复 lxd : 对第一条评论的回复',15,69,'lxd','',0,0,'2014-08-27 08:54:46',1409129738),(24,86,69,'lxd','','回复 lxd : 对第二次对第一条评论的回复的回复',23,69,'lxd','',0,0,'2014-08-27 09:50:50',1409133102),(25,86,69,'lxd','','回复 lxd : 对第二条评论的回复',16,69,'lxd','',0,0,'2014-08-27 10:44:08',1409136300),(26,86,69,'lxd','','回复 lxd : 第三次对第一条评论的回复',15,69,'lxd','',0,0,'2014-08-27 10:44:48',1409136340),(27,86,69,'lxd','','回复 lxd : 对第三次对第一条评论的回复的回复',15,69,'lxd','',0,0,'2014-08-27 10:59:36',1409137228),(28,86,69,'lxd','','回复 lxd : 对第二条评论的第二次回复',16,69,'lxd','',0,0,'2014-08-27 11:02:31',1409137403),(29,85,69,'lxd','','第一条评论',0,0,'','',0,0,'2014-08-27 11:15:02',1409138154),(30,85,69,'lxd','','回复 lxd : 对第一条评论的评论',29,69,'lxd','',0,0,'2014-08-27 11:15:26',1409138177),(31,85,69,'lxd','','回复 lxd : 第三条',29,69,'lxd','',0,0,'2014-08-27 11:16:00',1409138211),(32,85,69,'lxd','','回复 lxd : 大评论',29,69,'lxd','',0,0,'2014-08-27 11:16:30',1409138241),(33,85,69,'lxd','','最大的评论',0,0,'','',0,0,'2014-08-27 11:16:46',1409138258),(34,85,69,'lxd','','回复 lxd : 在此回复',33,69,'lxd','',0,0,'2014-08-27 11:19:12',1409138404),(35,85,69,'lxd','','回复 lxd : 回复测试',33,69,'lxd','',0,0,'2014-08-27 11:20:08',1409138460),(36,85,69,'lxd','','回复 lxd : 测试',33,69,'lxd','',0,0,'2014-08-27 11:24:51',1409138743),(37,85,69,'lxd','','回复 lxd : 测试测试',33,69,'lxd','',0,0,'2014-08-27 11:31:25',1409139136),(38,85,69,'lxd','','评论',0,0,'','',0,0,'2014-08-27 11:31:50',1409139162),(39,86,74,'java','','回复 lxd : ',15,69,'lxd','',0,0,'2014-08-28 02:38:31',1409193691),(40,86,74,'java','','回复 java : ',15,74,'java','',0,0,'2014-08-28 02:38:35',1409193695);
/*!40000 ALTER TABLE `sy_comment` ENABLE KEYS */;
UNLOCK TABLES;

--
-- Table structure for table `sy_library`
--

DROP TABLE IF EXISTS `sy_library`;
/*!40101 SET @saved_cs_client     = @@character_set_client */;
/*!40101 SET character_set_client = utf8 */;
CREATE TABLE `sy_library` (
  `id` int(11) unsigned NOT NULL AUTO_INCREMENT COMMENT '图书馆id',
  `name` varchar(45) NOT NULL,
  `location` varchar(45) NOT NULL COMMENT '位置信息',
  `establish_time` int(11) NOT NULL COMMENT '创建时间',
  `description` varchar(45) NOT NULL COMMENT '简介',
  `service_type` varchar(45) NOT NULL COMMENT '服务类型',
  `short_name` varchar(45) NOT NULL COMMENT '简称用于二级域名名称',
  PRIMARY KEY (`id`),
  UNIQUE KEY `id_UNIQUE` (`id`)
) ENGINE=MyISAM AUTO_INCREMENT=9 DEFAULT CHARSET=utf8 COMMENT='图书馆类型';
/*!40101 SET character_set_client = @saved_cs_client */;

--
-- Dumping data for table `sy_library`
--

LOCK TABLES `sy_library` WRITE;
/*!40000 ALTER TABLE `sy_library` DISABLE KEYS */;
INSERT INTO `sy_library` VALUES (6,'交大图书馆','上海交大',0,'很多书','','sj'),(7,'同济图书馆','同济大学',0,'有书','','tj'),(8,'复旦图书馆','复旦大学',0,'好多书','','fd');
/*!40000 ALTER TABLE `sy_library` ENABLE KEYS */;
UNLOCK TABLES;

--
-- Table structure for table `sy_node`
--

DROP TABLE IF EXISTS `sy_node`;
/*!40101 SET @saved_cs_client     = @@character_set_client */;
/*!40101 SET character_set_client = utf8 */;
CREATE TABLE `sy_node` (
  `id` smallint(6) unsigned NOT NULL AUTO_INCREMENT,
  `name` varchar(20) NOT NULL COMMENT '节点名称',
  `title` varchar(50) NOT NULL COMMENT '菜单名称',
  `status` tinyint(1) NOT NULL DEFAULT '0' COMMENT '是否激活 1：是 2：否',
  `remark` varchar(255) DEFAULT NULL COMMENT '备注说明',
  `app_id` smallint(6) DEFAULT NULL,
  `pid` smallint(6) unsigned NOT NULL COMMENT '父ID',
  `level` tinyint(1) unsigned NOT NULL COMMENT '节点等级',
  `data` varchar(255) DEFAULT NULL COMMENT '附加参数',
  `sort` smallint(6) unsigned NOT NULL DEFAULT '0' COMMENT '排序权重',
  `display` tinyint(1) unsigned NOT NULL DEFAULT '0' COMMENT '菜单显示类型 0:不显示 1:导航菜单 2:左侧菜单',
  PRIMARY KEY (`id`),
  KEY `level` (`level`),
  KEY `pid` (`pid`),
  KEY `status` (`status`),
  KEY `name` (`name`)
) ENGINE=MyISAM AUTO_INCREMENT=1030 DEFAULT CHARSET=utf8;
/*!40101 SET character_set_client = @saved_cs_client */;

--
-- Dumping data for table `sy_node`
--

LOCK TABLES `sy_node` WRITE;
/*!40000 ALTER TABLE `sy_node` DISABLE KEYS */;
INSERT INTO `sy_node` VALUES (1,'Admin','后台管理',1,'不可删除',1,0,1,NULL,0,0),(2,'index','后台主框架模块',1,'所有后台用户组都必须有此权限，否则后台无法登录',1,1,2,'',10,0),(3,'index','index方法',1,'Index模块的index方法',1,2,3,'',5,0),(4,'left','left方法',1,'Index模块的left方法',1,2,3,'',3,0),(5,'top','top方法',1,'Index模块的top方法',1,2,3,'',4,0),(6,'main','main方法',1,'Index模块的main方法',1,2,3,'',1,0),(7,'footer','footer方法',1,'Index模块的footer方法',1,2,3,'',2,0),(8,'Node','菜单节点管理',1,'',1,28,2,'/admin.php/node/index',1,2),(9,'add','添加菜单',1,'',1,8,3,'',4,0),(10,'edit','修改菜单',1,'',1,8,3,'',3,0),(11,'del','删除菜单',1,'',1,8,3,'',2,0),(13,'extend','节点管理',1,'',1,1,0,'',9,1),(14,'public_main','我的面板',1,'',1,1,0,'',40,1),(15,'main','系统环境',1,'快捷菜单',1,25,0,'/admin.php/index/main',10,2),(16,'index','菜单列表',1,'',1,8,3,'',5,0),(17,'sort','菜单排序',1,'',1,8,3,'',1,0),(18,'UserCenter','用户管理',1,'',1,1,0,'',19,1),(19,'cache','缓存模块',1,'',1,1,2,'',8,0),(20,'delCore','删除核心缓存',1,'',1,19,3,'',0,0),(21,'User','用户管理',1,'',1,18,2,'',0,2),(22,'role','角色管理',1,'',1,21,3,'/admin.php/user/role',4,2),(23,'role_add','角色添加',1,'',1,21,3,'/admin.php/user/role_add',0,0),(25,'my','我的面板',1,'',1,14,0,'',0,2),(30,'index','用户列表',1,'',1,21,3,'/admin.php/user/index',10,2),(28,'extend_sub','节点管理',1,'',1,13,0,'',0,2),(31,'role_edit','角色编辑',1,'',1,21,3,'',0,0),(32,'role_del','角色删除',1,'',1,21,3,'',0,0),(33,'role_sort','角色排序',1,'',1,21,3,'',0,0),(34,'add','用户添加',1,'',1,21,3,'',9,0),(35,'edit','用户编辑',1,'',1,21,3,'',8,0),(36,'del','用户删除',1,'',1,21,3,'',7,0),(37,'access','角色权限浏览',1,'',1,21,3,'',0,0),(38,'access_edit','角色权限编辑',1,'',1,21,3,'',0,0),(40,'check_username','检查用户名',1,'ajax验证',1,21,3,'',6,0),(54,'Zd','前台应用',1,'前台的应用',54,0,1,NULL,0,0),(55,'YellowDisplay','黄页展示',1,'',54,54,0,'',0,0),(56,'index','首页',1,'',54,55,2,'',0,0),(57,'index','展示首页',1,'',54,56,3,'/',0,0),(58,'find','我要找贷',1,'',54,55,2,'',0,0),(59,'index','展示我要找贷',1,'',54,58,3,'/find',0,0),(60,'UserInvolve','用户相关',1,'',54,54,0,'',0,0),(61,'user','用户个人管理',1,'',54,60,2,'',0,0),(62,'login','登录',1,'',54,60,2,'',0,0),(63,'setting','设置',1,'',54,61,3,'',0,0),(64,'finish','完成登录',1,'',54,62,3,'',0,0),(65,'index','登录页面',1,'',54,62,3,'',0,0),(66,'logout','退出登录',1,'',54,62,3,'',0,0),(67,'register','注册',1,'',54,60,2,'',0,0),(68,'index','注册页面',1,'',54,67,3,'',0,0),(69,'finish','完成注册',1,'',54,67,3,'',0,0),(70,'counselor','贷款顾问',1,'',54,55,2,'',0,0),(71,'index','展示贷款顾问',1,'',54,70,3,'',0,0),(72,'organization','贷款机构',1,'',54,55,2,'',0,0),(76,'market','贷款商城',1,'',54,55,2,'',0,0),(74,'index','展示贷款机构',1,'',54,72,3,'',0,0),(77,'index','展示贷款商城',1,'',54,76,3,'',0,0),(78,'perfectornot','是否完善个人资料',1,'',54,61,3,'',0,0),(79,'finish_profile','完善个人信息',1,'',54,61,3,'',0,0),(80,'upload_avatar','头像上传',1,'',54,61,3,'',0,0),(81,'finish_identify','上传认证图片',1,'',54,61,3,'',0,0),(82,'PublicInterface','公共接口',1,'',54,54,0,'',0,0),(83,'public','公共模块',1,'',54,82,2,'',0,0),(84,'verify','生成验证码',1,'',54,83,3,'',0,0),(85,'check_verify','检验验证码',1,'',54,83,3,'',0,0),(86,'is_exist','用户是否存在',1,'',54,83,3,'',0,0),(87,'index','个人首页',1,'',54,61,3,'',0,0),(88,'FrontEnd','前台管理',1,'前台管理主菜单',54,1,0,'/admin.php/news',20,1),(89,'News','新闻栏目',1,'',1,88,2,'',0,2),(90,'index','展示新闻列表',1,'',1,89,3,'/admin.php/news',0,2),(91,'news','新闻栏目',1,'',54,55,2,'',0,0),(92,'index','展示新闻列表',1,'',54,91,3,'',0,0),(93,'detail','新闻详细内容',1,'',54,91,3,'',0,0),(94,'add','添加新闻页面',1,'',1,89,3,'',0,0),(95,'finish_add','完成添加新闻',1,'',1,89,3,'',0,0),(98,'del','删除新闻',1,'',1,89,3,'',0,0),(99,'edit','新闻编辑',1,'新闻编辑',1,89,3,'',0,0),(100,'stick','置顶',1,'置顶某个条目',54,58,3,'',0,0),(101,'test','测试之用',1,'这个是完全用于测试的模块。',54,54,2,'',0,0),(102,'test','测试菜单1',0,'没有备注',54,101,3,'/test/test',0,0),(103,'finish_edit','完成编辑',1,'',1,89,3,'',0,0),(104,'Product','贷款产品管理',1,'',1,88,2,'',0,2),(105,'index','展示所有产品',1,'',1,104,3,'/admin.php/product',0,2),(106,'add','发布新产品',0,'',1,104,3,'',0,0),(107,'finish_add','完成产品发布',0,'',1,104,3,'',0,0),(108,'edit','编辑贷款产品',1,'',1,104,3,'',0,0),(109,'finish_edit','完成编辑',1,'',1,104,3,'',0,0),(110,'del','删除贷款产品',1,'',1,104,3,'',0,0),(111,'detail','展示详细信息',1,'',54,76,3,'',0,0),(112,'Product','贷款产品',1,'',54,55,2,'',0,0),(113,'detail','产品详细页面',1,'',54,112,3,'',0,0),(114,'ZoneDisplay','空间展示',1,'',54,54,0,'',0,0),(115,'Zone','会员空间',1,'',54,114,2,'',0,0),(116,'index','空间首页',1,'',54,115,3,'',0,0),(117,'product','产品展示',1,'',54,115,3,'',0,0),(118,'business','业务范围',1,'',54,115,3,'',0,0),(119,'profile','个人简介',1,'',54,115,3,'',0,0),(120,'question','解答问题',1,'',54,115,3,'',0,0),(121,'success','成功案例',1,'',54,115,3,'',0,0),(122,'apply','在线申请',1,'',54,115,3,'',0,0),(123,'comment','客户评论',1,'',54,115,3,'',0,0),(124,'avatar','头像上传',1,'',54,61,3,'',0,0),(125,'profile','资料设置',1,'',54,61,3,'',0,0),(126,'identify','实名认证',1,'',54,61,3,'',0,0),(127,'verify','会员顾问机构',1,'',1,18,2,'',0,2),(128,'realname','实名认证',1,'',1,127,3,'/admin.php/verify/realname',10,2),(129,'counselor','贷款顾问',1,'',1,127,3,'/admin.php/verify/counselor',6,2),(130,'organization','贷款机构',1,'',1,127,3,'/admin.php/verify/organization',3,2),(131,'realname_edit','实名认证编辑页面',1,'',1,127,3,'',8,0),(132,'realname_finish','实名认证处理审核',1,'',1,127,3,'',7,0),(172,'finish_edit','完成编辑',1,'',54,70,3,'',0,0),(171,'edit','编辑顾问资料',1,'',54,70,3,'',0,0),(134,'apply','申请贷款顾问',1,'',54,70,3,'',0,0),(135,'finish_apply','贷款顾问申请完成',1,'',54,70,3,'',0,0),(136,'counselor_finish','贷款顾问审核完成',1,'',1,127,3,'',4,0),(137,'organization_finish','贷款机构审核完成',1,'',1,127,3,'',1,0),(179,'follow','关注',1,'',54,178,3,'',0,0),(138,'counselor_edit','修改贷款顾问资料',1,'',1,127,3,'/admin.php/verify/counselor_reject',5,0),(139,'organization_edit','编辑的贷款机构',1,'',1,127,3,'',2,0),(178,'Relationship','关注',1,'',54,60,2,'',0,0),(140,'profile','贷款顾问资料',1,'',54,70,3,'',0,0),(141,'release','发布产品',0,'',54,70,3,'',0,0),(142,'release_finish','发布产品完成',0,'',54,70,3,'',0,0),(143,'myproduct','我的贷款产品',1,'',54,112,3,'',0,0),(144,'audit','待审核产品',0,'',1,104,3,'/admin.php/product/audit',0,2),(145,'audit_finish','完成审核',0,'',1,104,3,'',0,0),(146,'abnormal','状态异常产品',0,'',1,104,3,'/admin.php/product/abnormal',0,2),(147,'release','发布产品',1,'',54,112,3,'',0,0),(148,'release_finish','完成发布产品',1,'',54,112,3,'',0,0),(149,'del','删除产品',1,'',54,112,3,'',0,0),(150,'edit','修改贷款产品',1,'',54,112,3,'',0,0),(151,'finish_edit','完成编辑',1,'',54,112,3,'',0,0),(152,'detail2','个人中心产品详情',1,'',54,112,3,'',0,0),(153,'detail','产品详情',1,'',1,104,3,'',0,0),(154,'credit','借贷信息',1,'',54,55,2,'',0,0),(155,'index','个人借贷资料',1,'',54,154,3,'',0,0),(156,'subcitiesById','获取子城市',1,'',54,83,3,'',0,0),(157,'finish_release','完成发布',1,'',54,154,3,'',0,0),(158,'release','发布贷款需求',1,'',54,154,3,'',0,0),(159,'detail2','贷款需求详情（个人中心）',1,'',54,154,3,'',0,0),(160,'detail','贷款需求详情（主框架）',1,'',54,154,3,'',0,0),(161,'Credit','贷款需求管理',1,'',1,88,2,'',0,2),(162,'index','展示所有贷款需求',1,'',1,161,3,'/admin.php/credit',0,2),(163,'edit','编辑贷款需求',1,'',1,161,3,'',0,0),(164,'finish_edit','完成编辑',1,'',1,161,3,'',0,0),(165,'del','删除贷款需求',1,'',1,161,3,'',0,0),(166,'detail','详细页面',1,'',1,161,3,'',0,0),(167,'edit','编辑贷款需求',1,'',54,154,3,'',0,0),(168,'edit_finish','完成编辑贷款需求',1,'',54,154,3,'',0,0),(169,'del','删除贷款需求',1,'',54,154,3,'',0,0),(173,'apply','申请贷款机构',1,'',54,72,3,'',0,0),(174,'apply_finish','完成申请',1,'',54,72,3,'',0,0),(175,'edit','编辑机构资料',1,'',54,72,3,'',0,0),(176,'edit_finish','完成编辑',1,'',54,72,3,'',0,0),(177,'profile','贷款机构资料',1,'',54,72,3,'',0,0),(180,'unfollow','取消关注',1,'',54,178,3,'',0,0),(181,'counselor','我关注的贷款顾问',1,'',54,178,3,'',0,0),(182,'organization','我关注的贷款机构',1,'',54,178,3,'',0,0),(183,'product','我关注的产品',1,'',54,178,3,'',0,0),(184,'comment','发表评论',1,'',54,112,3,'',0,0),(185,'del_comment','删除评论',1,'',54,112,3,'',0,0),(186,'agree','给评论点赞',1,'',54,112,3,'',0,0),(187,'Info','用户信息',1,'',54,60,2,'',0,0),(188,'myagree','我发出的赞',1,'',54,187,3,'',0,0),(189,'mycomment','我的评论',1,'',54,187,3,'',0,0),(190,'comment','发表评论',1,'',54,91,3,'',0,0),(191,'del_comment','删除评论',1,'',54,91,3,'',0,0),(192,'agree','给评论点赞',1,'',54,91,3,'',0,0),(193,'top',' 产品置顶',1,'',54,112,3,'',0,0),(194,'popularize','产品推广',1,'',54,112,3,'',0,0),(195,'refresh','产品刷新',1,'',54,112,3,'',0,0),(196,'finish_refresh','完成产品刷新',1,'',54,112,3,'',0,0),(197,'Ask','贷款问答',1,'',54,55,2,'',0,0),(198,'index','贷款问答首页',1,'',54,197,3,'',0,0),(199,'release','发布新的问题',1,'',54,197,3,'',0,0),(200,'finish_release','完成发布',1,'',54,197,3,'',0,0),(201,'detail','问题详情页面',1,'',54,197,3,'',0,0),(202,'answer','回复问题',1,'',54,197,3,'',0,0),(203,'take','采纳回答',1,'',54,197,3,'',0,0),(204,'myquestion','我的提问',1,'',54,187,3,'',0,0),(205,'myanswer','我的回答',1,'',54,187,3,'',0,0),(206,'Account','我的账户',1,'',54,60,2,'',0,0),(207,'index','账户首页',1,'',54,206,3,'',0,0),(208,'bill','收支明细',1,'',54,206,3,'',0,0),(209,'myexpense','消费记录',1,'',54,206,3,'',0,0),(210,'Message','我的消息',1,'',54,60,2,'',0,0),(211,'index','我的消息首页',1,'',54,210,3,'',0,0),(212,'create','新建消息',1,'',54,210,3,'',0,0),(213,'history','历史消息',1,'',54,210,3,'',0,0),(214,'reply','回复消息',1,'',54,210,3,'',0,0),(215,'del','删除某条信息',1,'',54,210,3,'',0,0),(216,'Notification','通知',1,'',54,60,2,'',0,0),(217,'index','通知主页',1,'',54,216,3,'',0,0),(221,'del','删除通知',1,'',54,216,3,'',0,0),(219,'history','已读消息',1,'',54,216,3,'',0,0),(220,'del_conversation','删除某个对话',1,'',54,210,3,'',0,0),(1000,'Contribute','基本行为',1,'基本行为的主菜单',1001,1001,2,NULL,10,2),(1001,'Home','主应用',1,NULL,54,0,1,NULL,0,0),(1002,'Index','我要捐书',1,NULL,1001,1000,3,NULL,10,1),(1009,'Onshelf','管理行为',1,NULL,54,1001,2,NULL,20,2),(1010,'index','图书上架',1,NULL,54,1009,3,NULL,10,1),(1011,'edit','图书上架编辑',1,NULL,54,1009,3,NULL,100,0),(1012,'goshelf','图书上架行为',1,NULL,54,1009,3,NULL,100,0),(1013,'Index','首页',1,NULL,54,1001,2,NULL,100,0),(1014,'index','展示首页',1,NULL,54,1013,3,NULL,100,0),(1015,'User','我的空间',1,NULL,54,1001,2,NULL,30,2),(1016,'userinfo','个人信息',1,NULL,54,1015,3,NULL,10,1),(1017,'donate','我的捐书信息',1,NULL,54,1015,3,NULL,20,1),(1018,'changeuserinfo','修改个人信息',1,NULL,54,1015,3,NULL,100,0),(1019,'Search','搜索',1,NULL,54,1001,2,NULL,20,0),(1020,'index','站内搜索',1,NULL,54,1019,3,NULL,100,1),(1021,'Rbac','权限控制',1,NULL,54,1001,2,NULL,40,2),(1022,'user','用户列表',1,NULL,54,1021,3,NULL,10,1),(1023,'role','角色列表',1,NULL,54,1021,3,NULL,20,1),(1024,'node','节点列表',1,NULL,54,1021,3,NULL,30,1),(1025,'roleuser','用户角色配置',1,NULL,54,1021,3,NULL,100,0),(1026,'addnode','添加节点',1,NULL,54,1021,3,NULL,100,0),(1027,'addrole','添加角色',1,NULL,54,1021,3,NULL,40,1),(1028,'access','角色权限配置',1,NULL,54,1021,3,NULL,100,0),(1029,'rufinish','用户角色配置表单提交',1,NULL,54,1021,3,NULL,100,0);
/*!40000 ALTER TABLE `sy_node` ENABLE KEYS */;
UNLOCK TABLES;

--
-- Table structure for table `sy_organization`
--

DROP TABLE IF EXISTS `sy_organization`;
/*!40101 SET @saved_cs_client     = @@character_set_client */;
/*!40101 SET character_set_client = utf8 */;
CREATE TABLE `sy_organization` (
  `id` int(11) unsigned NOT NULL AUTO_INCREMENT,
  `name` varchar(45) NOT NULL COMMENT '组织名称',
  `description` varchar(45) DEFAULT NULL COMMENT '简介',
  `location` varchar(45) NOT NULL COMMENT '归属地',
  `establish_time` datetime NOT NULL,
  PRIMARY KEY (`id`),
  UNIQUE KEY `id_UNIQUE` (`id`)
) ENGINE=MyISAM DEFAULT CHARSET=utf8 COMMENT='公益组织';
/*!40101 SET character_set_client = @saved_cs_client */;

--
-- Dumping data for table `sy_organization`
--

LOCK TABLES `sy_organization` WRITE;
/*!40000 ALTER TABLE `sy_organization` DISABLE KEYS */;
/*!40000 ALTER TABLE `sy_organization` ENABLE KEYS */;
UNLOCK TABLES;

--
-- Table structure for table `sy_record`
--

DROP TABLE IF EXISTS `sy_record`;
/*!40101 SET @saved_cs_client     = @@character_set_client */;
/*!40101 SET character_set_client = utf8 */;
CREATE TABLE `sy_record` (
  `id` int(10) unsigned NOT NULL AUTO_INCREMENT,
  `reader_id` int(11) unsigned NOT NULL COMMENT '读者id',
  `lend_time` datetime NOT NULL COMMENT '借出时间',
  `return_time` datetime DEFAULT NULL COMMENT '归还时间',
  `book_id` int(11) NOT NULL COMMENT '图书编号',
  `establish_time` datetime NOT NULL,
  PRIMARY KEY (`id`),
  UNIQUE KEY `id_UNIQUE` (`id`)
) ENGINE=MyISAM DEFAULT CHARSET=utf8 COMMENT='借阅记录';
/*!40101 SET character_set_client = @saved_cs_client */;

--
-- Dumping data for table `sy_record`
--

LOCK TABLES `sy_record` WRITE;
/*!40000 ALTER TABLE `sy_record` DISABLE KEYS */;
/*!40000 ALTER TABLE `sy_record` ENABLE KEYS */;
UNLOCK TABLES;

--
-- Table structure for table `sy_role`
--

DROP TABLE IF EXISTS `sy_role`;
/*!40101 SET @saved_cs_client     = @@character_set_client */;
/*!40101 SET character_set_client = utf8 */;
CREATE TABLE `sy_role` (
  `id` smallint(6) unsigned NOT NULL AUTO_INCREMENT,
  `name` varchar(20) NOT NULL COMMENT '后台组名',
  `pid` smallint(6) unsigned NOT NULL DEFAULT '0' COMMENT '父ID',
  `status` tinyint(1) unsigned DEFAULT '0' COMMENT '是否激活 1：是 0：否',
  `sort` smallint(6) unsigned NOT NULL DEFAULT '0' COMMENT '排序权重',
  `remark` varchar(255) DEFAULT NULL COMMENT '备注说明',
  PRIMARY KEY (`id`),
  KEY `pid` (`pid`),
  KEY `status` (`status`)
) ENGINE=MyISAM AUTO_INCREMENT=11 DEFAULT CHARSET=utf8;
/*!40101 SET character_set_client = @saved_cs_client */;

--
-- Dumping data for table `sy_role`
--

LOCK TABLES `sy_role` WRITE;
/*!40000 ALTER TABLE `sy_role` DISABLE KEYS */;
INSERT INTO `sy_role` VALUES (1,'Programmer',0,1,90,'程序员'),(2,'SuperAdministrator',0,1,80,'超级管理员'),(3,'President',0,1,70,'总图书馆馆长'),(5,'LibraryAdministrator',0,1,50,'分图书馆管理员'),(6,'Operator',0,1,40,'操作员'),(7,'Reader',0,1,30,'读者'),(8,'Guest',0,1,20,'游客');
/*!40000 ALTER TABLE `sy_role` ENABLE KEYS */;
UNLOCK TABLES;

--
-- Table structure for table `sy_role_user`
--

DROP TABLE IF EXISTS `sy_role_user`;
/*!40101 SET @saved_cs_client     = @@character_set_client */;
/*!40101 SET character_set_client = utf8 */;
CREATE TABLE `sy_role_user` (
  `role_id` mediumint(9) unsigned DEFAULT NULL,
  `user_id` char(32) DEFAULT NULL,
  KEY `group_id` (`role_id`),
  KEY `user_id` (`user_id`)
) ENGINE=MyISAM DEFAULT CHARSET=utf8;
/*!40101 SET character_set_client = @saved_cs_client */;

--
-- Dumping data for table `sy_role_user`
--

LOCK TABLES `sy_role_user` WRITE;
/*!40000 ALTER TABLE `sy_role_user` DISABLE KEYS */;
INSERT INTO `sy_role_user` VALUES (2,'70'),(2,'75'),(2,'69'),(1,'69'),(1,'70'),(2,'1'),(2,'72'),(1,'1');
/*!40000 ALTER TABLE `sy_role_user` ENABLE KEYS */;
UNLOCK TABLES;

--
-- Table structure for table `sy_session`
--

DROP TABLE IF EXISTS `sy_session`;
/*!40101 SET @saved_cs_client     = @@character_set_client */;
/*!40101 SET character_set_client = utf8 */;
CREATE TABLE `sy_session` (
  `session_id` varchar(255) NOT NULL,
  `session_expire` int(11) NOT NULL,
  `session_data` blob,
  UNIQUE KEY `session_id` (`session_id`)
) ENGINE=InnoDB DEFAULT CHARSET=latin1;
/*!40101 SET character_set_client = @saved_cs_client */;

--
-- Dumping data for table `sy_session`
--

LOCK TABLES `sy_session` WRITE;
/*!40000 ALTER TABLE `sy_session` DISABLE KEYS */;
INSERT INTO `sy_session` VALUES ('aqk9c2ojiar23venn0srcn8lv5',1409486449,''),('em6khmhfmds48ms0pe03odkj46',1409486095,''),('h7atpea0cpkub2ov7l83runqp3',1409486428,''),('lq0h22ua12uaek2ib1fo4skvo6',1409486095,''),('oal530scgbo6n55ri65e26d607',1409486700,'user|a:24:{s:2:\"id\";s:2:\"34\";s:8:\"username\";s:8:\"lishuang\";s:8:\"password\";s:32:\"7a954e9de78e29c5ee742da0d822e5af\";s:7:\"role_id\";s:1:\"6\";s:6:\"status\";s:1:\"1\";s:6:\"remark\";s:0:\"\";s:15:\"last_login_time\";s:10:\"1409485143\";s:13:\"last_login_ip\";s:9:\"127.0.0.1\";s:11:\"create_time\";s:10:\"1384696234\";s:11:\"appellation\";s:13:\"千户神奇1\";s:11:\"description\";s:66:\"我是一名侦探师，欢饮大家来到我的的侦探事务所\";s:6:\"gender\";s:1:\"f\";s:12:\"email_verify\";N;s:5:\"email\";s:15:\"lish516@126.com\";s:2:\"qq\";s:8:\"12345676\";s:5:\"phone\";s:8:\"02311011\";s:9:\"telephone\";s:8:\"11234422\";s:14:\"resideprovince\";s:9:\"重庆市\";s:10:\"residecity\";s:0:\"\";s:10:\"residedist\";s:0:\"\";s:15:\"residecommunity\";s:0:\"\";s:15:\"realname_verify\";s:7:\"APPROVE\";s:11:\"modify_time\";s:19:\"2014-08-31 19:38:26\";s:7:\"account\";s:5:\"23.00\";}_ACCESS_LIST|a:0:{}leftmenu|a:0:{}'),('r2htqutjkl71a2ril5vd9h0qu0',1409486579,'user|a:24:{s:2:\"id\";s:2:\"69\";s:8:\"username\";s:3:\"lxd\";s:8:\"password\";s:32:\"8cada19886f92f83ea371364fc5f28e8\";s:7:\"role_id\";s:1:\"5\";s:6:\"status\";s:1:\"1\";s:6:\"remark\";s:0:\"\";s:15:\"last_login_time\";s:10:\"1409485138\";s:13:\"last_login_ip\";s:9:\"127.0.0.1\";s:11:\"create_time\";s:10:\"1405493061\";s:11:\"appellation\";s:0:\"\";s:11:\"description\";s:0:\"\";s:6:\"gender\";s:0:\"\";s:12:\"email_verify\";s:1:\"0\";s:5:\"email\";s:17:\"1183974171@qq.com\";s:2:\"qq\";s:0:\"\";s:5:\"phone\";s:11:\"15921337216\";s:9:\"telephone\";s:11:\"15921337216\";s:14:\"resideprovince\";s:12:\"浙江宁波\";s:10:\"residecity\";s:0:\"\";s:10:\"residedist\";s:0:\"\";s:15:\"residecommunity\";s:0:\"\";s:15:\"realname_verify\";s:2:\"NO\";s:11:\"modify_time\";s:19:\"2014-08-31 19:38:07\";s:7:\"account\";s:4:\"0.00\";}_ACCESS_LIST|a:1:{s:4:\"HOME\";a:6:{s:10:\"CONTRIBUTE\";a:1:{s:5:\"INDEX\";s:4:\"1002\";}s:5:\"INDEX\";a:1:{s:5:\"INDEX\";s:4:\"1014\";}s:4:\"USER\";a:3:{s:8:\"USERINFO\";s:4:\"1016\";s:6:\"DONATE\";s:4:\"1017\";s:14:\"CHANGEUSERINFO\";s:4:\"1018\";}s:7:\"ONSHELF\";a:3:{s:5:\"INDEX\";s:4:\"1010\";s:4:\"EDIT\";s:4:\"1011\";s:7:\"GOSHELF\";s:4:\"1012\";}s:6:\"SEARCH\";a:1:{s:5:\"INDEX\";s:4:\"1020\";}s:4:\"RBAC\";a:8:{s:4:\"USER\";s:4:\"1022\";s:4:\"ROLE\";s:4:\"1023\";s:4:\"NODE\";s:4:\"1024\";s:8:\"ROLEUSER\";s:4:\"1025\";s:7:\"ADDNODE\";s:4:\"1026\";s:7:\"ADDROLE\";s:4:\"1027\";s:6:\"ACCESS\";s:4:\"1028\";s:8:\"RUFINISH\";s:4:\"1029\";}}}leftmenu|a:13:{i:0;a:4:{s:2:\"id\";s:4:\"1010\";s:4:\"name\";s:5:\"index\";s:3:\"pid\";s:4:\"1009\";s:5:\"title\";s:12:\"图书上架\";}i:1;a:4:{s:2:\"id\";s:4:\"1016\";s:4:\"name\";s:8:\"userinfo\";s:3:\"pid\";s:4:\"1015\";s:5:\"title\";s:12:\"个人信息\";}i:2;a:4:{s:2:\"id\";s:4:\"1000\";s:4:\"name\";s:10:\"Contribute\";s:3:\"pid\";s:4:\"1001\";s:5:\"title\";s:12:\"基本行为\";}i:3;a:4:{s:2:\"id\";s:4:\"1022\";s:4:\"name\";s:4:\"user\";s:3:\"pid\";s:4:\"1021\";s:5:\"title\";s:12:\"用户列表\";}i:4;a:4:{s:2:\"id\";s:4:\"1002\";s:4:\"name\";s:5:\"Index\";s:3:\"pid\";s:4:\"1000\";s:5:\"title\";s:12:\"我要捐书\";}i:5;a:4:{s:2:\"id\";s:4:\"1023\";s:4:\"name\";s:4:\"role\";s:3:\"pid\";s:4:\"1021\";s:5:\"title\";s:12:\"角色列表\";}i:6;a:4:{s:2:\"id\";s:4:\"1009\";s:4:\"name\";s:7:\"Onshelf\";s:3:\"pid\";s:4:\"1001\";s:5:\"title\";s:12:\"管理行为\";}i:7;a:4:{s:2:\"id\";s:4:\"1017\";s:4:\"name\";s:6:\"donate\";s:3:\"pid\";s:4:\"1015\";s:5:\"title\";s:18:\"我的捐书信息\";}i:8;a:4:{s:2:\"id\";s:4:\"1024\";s:4:\"name\";s:4:\"node\";s:3:\"pid\";s:4:\"1021\";s:5:\"title\";s:12:\"节点列表\";}i:9;a:4:{s:2:\"id\";s:4:\"1015\";s:4:\"name\";s:4:\"User\";s:3:\"pid\";s:4:\"1001\";s:5:\"title\";s:12:\"我的空间\";}i:10;a:4:{s:2:\"id\";s:4:\"1027\";s:4:\"name\";s:7:\"addrole\";s:3:\"pid\";s:4:\"1021\";s:5:\"title\";s:12:\"添加角色\";}i:11;a:4:{s:2:\"id\";s:4:\"1021\";s:4:\"name\";s:4:\"Rbac\";s:3:\"pid\";s:4:\"1001\";s:5:\"title\";s:12:\"权限控制\";}i:12;a:4:{s:2:\"id\";s:4:\"1020\";s:4:\"name\";s:5:\"index\";s:3:\"pid\";s:4:\"1019\";s:5:\"title\";s:12:\"站内搜索\";}}'),('uidg41e6kstedq6j8gbqi3tl77',1409485641,'');
/*!40000 ALTER TABLE `sy_session` ENABLE KEYS */;
UNLOCK TABLES;

--
-- Table structure for table `sy_user`
--

DROP TABLE IF EXISTS `sy_user`;
/*!40101 SET @saved_cs_client     = @@character_set_client */;
/*!40101 SET character_set_client = utf8 */;
CREATE TABLE `sy_user` (
  `id` int(10) unsigned NOT NULL AUTO_INCREMENT,
  `username` varchar(50) NOT NULL,
  `password` char(32) NOT NULL,
  `role_id` smallint(6) unsigned NOT NULL COMMENT '组ID',
  `status` tinyint(1) unsigned NOT NULL DEFAULT '1' COMMENT '状态 1:启用 0:禁止',
  `remark` varchar(255) NOT NULL COMMENT '备注说明',
  `last_login_time` int(11) unsigned NOT NULL COMMENT '最后登录时间',
  `last_login_ip` varchar(15) NOT NULL DEFAULT '127.0.0.1' COMMENT '最后登录IP',
  `create_time` int(11) NOT NULL DEFAULT '0',
  `appellation` varchar(16) NOT NULL DEFAULT '',
  `description` varchar(255) NOT NULL DEFAULT '',
  `gender` varchar(2) NOT NULL DEFAULT '',
  `email_verify` int(11) DEFAULT '0' COMMENT '邮箱是否验证',
  `email` varchar(45) NOT NULL DEFAULT '' COMMENT '邮箱',
  `qq` varchar(16) NOT NULL DEFAULT '',
  `phone` varchar(45) NOT NULL DEFAULT '',
  `telephone` varchar(16) NOT NULL DEFAULT '',
  `resideprovince` varchar(255) NOT NULL DEFAULT '',
  `residecity` varchar(45) DEFAULT '',
  `residedist` varchar(45) DEFAULT '',
  `residecommunity` varchar(45) DEFAULT '',
  `realname_verify` varchar(45) NOT NULL DEFAULT 'NO',
  `modify_time` timestamp NOT NULL DEFAULT CURRENT_TIMESTAMP ON UPDATE CURRENT_TIMESTAMP COMMENT '修改时间',
  `account` decimal(10,2) NOT NULL DEFAULT '0.00' COMMENT '账户余额',
  PRIMARY KEY (`id`),
  UNIQUE KEY `username_UNIQUE` (`username`),
  KEY `username` (`username`)
) ENGINE=MyISAM AUTO_INCREMENT=76 DEFAULT CHARSET=utf8 COMMENT='用户表';
/*!40101 SET character_set_client = @saved_cs_client */;

--
-- Dumping data for table `sy_user`
--

LOCK TABLES `sy_user` WRITE;
/*!40000 ALTER TABLE `sy_user` DISABLE KEYS */;
INSERT INTO `sy_user` VALUES (1,'admin','21232f297a57a5a743894a0e4a801fc3',1,1,'神级管理员,可无视系统权限.',1409060305,'127.0.0.1',0,'管理员','','',NULL,'','','','','','','','','NO','2014-08-26 13:37:41',12.00),(34,'lishuang','7a954e9de78e29c5ee742da0d822e5af',6,1,'',1409485260,'127.0.0.1',1384696234,'千户神奇1','我是一名侦探师，欢饮大家来到我的的侦探事务所','f',NULL,'lish516@126.com','12345676','02311011','11234422','重庆市','','','','APPROVE','2014-08-31 11:40:23',23.00),(37,'cindy','e10adc3949ba59abbe56e057f20f883e',5,1,'',1389878209,'127.0.0.1',1385301525,'森碟','我是《爸爸去哪儿》的森碟','f',NULL,'','123456','02353636713','15216716436','','','','','NO','2014-03-09 13:20:25',34.00),(40,'tangliangg','5e6693324748221d7cd07ef6a2a73873',6,1,'',1392986791,'192.168.1.122',1385302303,'唐炼','','m',NULL,'13594416539@qq.com','646411280','13594416539','1359416539','重庆市','渝中区','解放碑街道','','NO','2014-03-09 13:20:25',424.00),(49,'tanglian11','aa506783cc873bea1d91a7bb36883668',6,1,'',1392830408,'192.168.1.107',1389684838,'唐经理','专业从事中信银行分行，重庆分行的信用贷款业务，欢迎各位客户前来咨询','m',NULL,'','646411280','','13594416539','','','','','APPROVE','2014-03-09 13:20:25',3.00),(50,'zhongguo','e10adc3949ba59abbe56e057f20f883e',6,1,'',1397377229,'127.0.0.1',1389880821,'','','',0,'zhongguo@126.com','','','','','','','','NO','2014-04-13 00:20:29',24.00),(51,'tanglian111','dad8903160fe65825e297ba3c3ea20bb',6,1,'',1390232702,'192.168.1.107',1390019142,'王经理','王经理','f',0,'6464112803@qq.com','656555555','13566666666','13566666666','','','','','NO','2014-03-09 13:20:25',132.00),(52,'hello','e10adc3949ba59abbe56e057f20f883e',6,1,'',1393143132,'127.0.0.1',1392533179,'','','',0,'12@12.com','','','','','','','','APPROVE','2014-03-09 13:20:25',2332.00),(53,'good','e10adc3949ba59abbe56e057f20f883e',6,1,'',1392696283,'127.0.0.1',1392631672,'李经理','我是一个爱动爱跳的人','m',0,'lish516@126.com','113028','02353636713','15216716436','甘肃省','嘉峪关市','嘉峪关市','','APPROVE','2014-03-09 13:20:25',43.00),(54,'phone','e10adc3949ba59abbe56e057f20f883e',7,1,'',1392737108,'127.0.0.1',1392725676,'电话先生','我是一名电话先生，欢迎大家有事儿找我。','f',0,'lish516@126.com','706537610','02353636713','15216716436','重庆市','梁平县','虎城镇','','APPROVE','2014-03-09 13:20:25',23.00),(55,'ipad','e10adc3949ba59abbe56e057f20f883e',7,1,'',1399810533,'127.0.0.1',1392738554,'炼毛儿先生','李大锤的个人简介很彪悍','m',0,'lish516@126.com','12345676','02353636713','15216716436','吉林省','四平市','','','APPROVE','2014-05-11 04:15:33',12.00),(56,'圣阳股份','96e79218965eb72c92a549dd5a330112',7,1,'',1392789075,'192.168.1.107',1392789074,'圣阳股份','圣阳股份','m',0,'646411280@qq.com','646411280','13594416539','13594416539','重庆市','渝中区','解放碑街道','','APPROVE','2014-03-09 13:20:25',34.00),(57,'雷曼光电','96e79218965eb72c92a549dd5a330112',7,1,'',1392827773,'192.168.1.107',1392789793,'雷曼光电','雷曼光电','m',0,'646411280@qq.com','646411280','13594416539','13594416539','河北省','唐山市','乐亭县','','APPROVE','2014-03-09 13:20:25',12.00),(58,'mac','e10adc3949ba59abbe56e057f20f883e',6,1,'',1395321864,'127.0.0.1',1395148591,'','','',0,'lish516@126.com','','','','','','','','APPROVE','2014-03-20 05:24:24',0.00),(59,'ipod','e10adc3949ba59abbe56e057f20f883e',7,1,'',1395304607,'127.0.0.1',1395303329,'','','',0,'lish516@126.com','','','','','','','','APPROVE','2014-03-20 00:36:47',0.00),(60,'map','e10adc3949ba59abbe56e057f20f883e',5,1,'',1396957413,'127.0.0.1',1396957413,'','','',0,'lish516@126.com','','','','','','','','NO','2014-04-08 03:43:33',0.00),(61,'hash','e10adc3949ba59abbe56e057f20f883e',5,1,'',1396957521,'127.0.0.1',1396957521,'','','',0,'lish516@126.com','','','','','','','','NO','2014-04-08 03:45:21',0.00),(62,'goo','e10adc3949ba59abbe56e057f20f883e',5,1,'',1396957622,'127.0.0.1',1396957622,'','','',0,'lish516@126.com','','','','','','','','NO','2014-04-08 03:47:02',0.00),(63,'tree','e10adc3949ba59abbe56e057f20f883e',5,1,'',1396959763,'127.0.0.1',1396957742,'','','',0,'lish516@126.com','','','','','','','','NO','2014-04-08 04:22:43',0.00),(64,'class','e10adc3949ba59abbe56e057f20f883e',6,1,'',1399900257,'127.0.0.1',1399897900,'唐经理','我就是鼎鼎大名的唐经理哈','m',0,'lish516@gmail.com','706537610','02353636713','15216716436','广东省','','','','APPROVE','2014-05-12 05:10:57',0.00),(65,'zhangyanmei','e10adc3949ba59abbe56e057f20f883e',6,1,'',1401381005,'127.0.0.1',1401110454,'张经理','我是来自复旦大学数学系的。','f',0,'lish516@126.com','706537610','53636713','15216716436','北京市','门头沟区','永定镇','','APPROVE','2014-05-29 16:30:05',0.00),(66,'zengge','e10adc3949ba59abbe56e057f20f883e',7,1,'',1401434972,'127.0.0.1',1401381038,'曾先生','曾先生就是我啊','m',0,'lish516@126.com','706537610','53636713','15216716436','重庆市','万州区','','','APPROVE','2014-05-30 07:29:32',0.00),(67,'lishuang1','96e79218965eb72c92a549dd5a330112',5,1,'',1404912970,'127.0.0.1',1404912865,'','','',0,'lish516@gmail.com','','','','','','','','NO','2014-07-09 13:36:10',0.00),(68,'lishuang1d','96e79218965eb72c92a549dd5a330112',5,1,'',1404968248,'127.0.0.1',1404912970,'','','',0,'lish516@gmail.com','','','','','','','','NO','2014-07-10 04:57:28',0.00),(69,'lxd','8cada19886f92f83ea371364fc5f28e8',5,1,'',1409485139,'127.0.0.1',1405493061,'','','',0,'1183974171@qq.com','','15921337216','15921337216','浙江宁波','','','','NO','2014-08-31 11:38:08',0.00),(70,'cc','38dea0c3d2af54a60234a689e73cb406',5,1,'',1409377619,'127.0.0.1',1406772110,'','','',0,'ischengchen92@gmail.com','','','','','','','','NO','2014-08-30 05:46:02',0.00),(71,'test','202cb962ac59075b964b07152d234b70',5,1,'',1407218701,'127.0.0.1',1407218696,'','','',0,'','','','','','','','','NO','2014-08-05 06:04:45',0.00),(72,'luxudong','e10adc3949ba59abbe56e057f20f883e',5,1,'',1409106720,'127.0.0.1',1407315524,'','','',0,'1183974171@qq.com','','','','','','','','NO','2014-08-27 02:31:16',0.00),(74,'java','b67e00dd69ba454e68c5e3dd228e19ec',5,1,'',1409469613,'127.0.0.1',1407504870,'javaer','','',0,'ass@qq.com','','01092831011','1811637611021','1北京市','','','','NO','2014-08-31 07:17:09',0.00),(75,'java123','b67e00dd69ba454e68c5e3dd228e19ec',5,1,'',1409203891,'127.0.0.1',1407587920,'','','',0,'123@qq.com','','123','123','123','','','','NO','2014-08-28 05:28:31',0.00);
/*!40000 ALTER TABLE `sy_user` ENABLE KEYS */;
UNLOCK TABLES;
/*!40103 SET TIME_ZONE=@OLD_TIME_ZONE */;

/*!40101 SET SQL_MODE=@OLD_SQL_MODE */;
/*!40014 SET FOREIGN_KEY_CHECKS=@OLD_FOREIGN_KEY_CHECKS */;
/*!40014 SET UNIQUE_CHECKS=@OLD_UNIQUE_CHECKS */;
/*!40101 SET CHARACTER_SET_CLIENT=@OLD_CHARACTER_SET_CLIENT */;
/*!40101 SET CHARACTER_SET_RESULTS=@OLD_CHARACTER_SET_RESULTS */;
/*!40101 SET COLLATION_CONNECTION=@OLD_COLLATION_CONNECTION */;
/*!40111 SET SQL_NOTES=@OLD_SQL_NOTES */;

-- Dump completed on 2014-08-31 19:42:19
